Linking page,Last crawled
https://www.webwiki.co.uk/onlinetranslation.ae,2026-01-06
https://seositecheckup.com/seo-audit/onlinetranslation.ae,2025-12-31
https://lydtapet.net/2024/09/04/top-rated-medical-translation-services-in-dubai-for-accurate-communication/,2025-12-24
https://arkanlegaltranslation.ae/learn-abt-arkan/,2025-12-22
https://local.infobel.ae/AE100890094-0508620217/onlinetranslation_ae-dubai.html,2025-12-08
https://www.happykech.com/get-accurate-medical-translation-services-for-your-practice/,2025-12-08
https://sevendays7777.blogspot.com/2024/09/top-medical-translation-companies-you.html?m=0,2025-12-07
https://www.translatorscafe.com/cafe/DE/agency17777.htm,2025-12-07
https://www.translatorscafe.com/cafe/IT/agency17777.htm,2025-12-06
https://otlegaltranslation.com/ar/خدمات-الترجمة-المعتمدة-أغراض-الهجرة/,2025-12-03
https://www.infobel.com/en/unitedarabemirates/onlinetranslation_ae/dubai/AE100890094-0508620217/businessdetails.aspx,2025-12-03
https://www.tupalo.net/en/dubai/onlinetranslation-ae,2025-11-28
https://www.maanation.com/spiderbass6?lang=english,2025-11-26
https://www.maanation.com/spiderbass6?mode=day,2025-11-16
https://www.maanation.com/spiderbass6?mode=night,2025-11-16
https://www.pinterest.com/onlinetranslationae/,2025-11-07
https://www.goodfirms.co/company/onlinetranslation-ae,2025-11-06
http://www.listinuae.com/listing/OnlineTranslation.ae,2025-10-28
https://www.crunchbase.com/organization/onlinetranslation-ae/profiles_and_contacts,2025-10-27
https://www.crunchbase.com/organization/onlinetranslation-ae/tech_details,2025-10-27
https://kettabak.com/2024/09/ensuring-access-to-quality-care-healthcare-translation-services-unveiled.html,2025-10-20
https://www.translatorscafe.com/cafe/agency17777.htm,2025-09-25
https://allambritishopensquash2017.com/2024/09/04/streamlining-healthcare-with-medical-record-translation-services/,2025-09-21
https://maps.yango.com/ar-ae/org/ot_ae_legal_translation/83101936116/,2025-08-15
https://eg.linkedin.com/company/online-translation-agency-dubai?trk=public_profile_topcard-current-company,2025-06-06
https://ae.linkedin.com/showcase/translation-agency-dubai-uae-ae-online/,2025-06-02
https://www.getlisteduae.com/listings/otae-for-translation,2025-05-03
https://www.linkedin.com/company/online-translation-agency-dubai,2025-02-22
https://sa.linkedin.com/company/online-translation-agency-dubai?trk=ppro_cprof,2025-01-29
https://tr.linkedin.com/company/online-translation-agency-dubai?trk=ppro_cprof,2024-12-21
https://maps.yango.com/maps/org/online_translation/107044175399/reviews/,2024-11-17
https://maps.yango.com/en-ae/org/ot_ae_legal_translation/83101936116/,2024-11-13
https://yandex.ru/maps/org/ot_ae_legal_translation/83101936116/,2024-11-12
https://ae.linkedin.com/company/online-translation-agency-dubai,2024-09-26
https://ilmanifesto.mobi/2024/09/04/top-medical-translation-companies-you-need-to-know-about/,2024-09-04