Top queries,Clicks,Impressions,CTR,Position
translation of degree certificates,1,36,2.78%,12.67
legal translation dubai marina,1,18,5.56%,18.17
authenticated translation,1,16,6.25%,10.69
certificate translation dubai,0,52,0%,37.87
multimedia translation dubai,0,47,0%,12.6
medical translation,0,45,0%,24.53
translation and proofreading services,0,44,0%,1.23
online translation,0,41,0%,7.66
proofreading services,0,39,0%,10.05
legal translation,0,37,0%,69.08
dubai translation,0,35,0%,73.97
medical translation services,0,33,0%,51.88
proofreading services dubai,0,30,0%,1.2
onlinetranslation.ae,0,30,0%,4.23
medical document translation services,0,30,0%,28.67
uk certificate attestation,0,29,0%,93
urgent translation service,0,28,0%,24.57
birth certificate arabic translation,0,28,0%,49.82
arabic website localization,0,27,0%,16.41
editing and proofreading services,0,26,0%,11.19
birth certificate translation dubai,0,26,0%,60.69
medical translator,0,25,0%,2.76
translation services in dubai,0,25,0%,75.12
immediate translation services,0,24,0%,13.33
birth certificate translation,0,24,0%,52.62
healthcare translation services,0,22,0%,68
document translation services,0,22,0%,69.64
translation services dubai,0,22,0%,83.36
translation services for multimedia content,0,21,0%,7.62
medical translation service,0,21,0%,56.86
multimedia translation services,0,20,0%,1.95
online translation services,0,20,0%,3.5
document translation,0,20,0%,88.55
legal translation services,0,19,0%,85.47
english legal translation uae,0,18,0%,59.44
legal translation business bay,0,17,0%,37.06
foreign commonwealth office apostille,0,17,0%,78.29
translation services,0,17,0%,93.06
medical translation dubai,0,16,0%,24.31
wills translations,0,16,0%,35.56
online will dubai,0,16,0%,47
translate birth certificate to english,0,16,0%,73.94
fcdo apostille,0,16,0%,79.62
certified translation services,0,16,0%,89.75
translation services for families,0,15,0%,6.53
medical document translation in dubai,0,15,0%,29.93
media translation services in dubai,0,14,0%,10.71
academic transcript translation service,0,14,0%,10.93
legal document translation,0,14,0%,86.57
certified sworn translator dubai,0,13,0%,26.54
legal translation bur dubai,0,13,0%,64.23
ecommerce translators in dubai,0,13,0%,65.77
legal translation in dubai,0,13,0%,73.31
translation in dubai,0,13,0%,80
translation company online,0,12,0%,4
website translation and localization in middle east,0,12,0%,36.25
marriage certificate translation,0,12,0%,51.67
birth certificate translation in dubai,0,12,0%,74.67
translation dubai,0,12,0%,82.5
legal translation services dubai,0,12,0%,87
healthcare translation,0,12,0%,88.67
university transcript translation,0,11,0%,10.64
translate birth certificate,0,11,0%,63
government translation,0,11,0%,80.82
legal translation dubai cost,0,10,0%,42.2
marriage certificate translation abu dhabi,0,10,0%,70.9
online certified translation services,0,9,0%,1.67
medical translation services dubai,0,9,0%,40
موقع لترجمة التحاليل الطبية,0,9,0%,44.56
government translation services,0,9,0%,46.44
professional translation online,0,9,0%,59
financial translation services,0,9,0%,61.11
translate abu dhabi,0,9,0%,66.78
legal translation dubai,0,9,0%,70.33
dataflow dha dubai,0,9,0%,78.78
article of association translation in dmcc,0,8,0%,5.62
divorce decree translation,0,8,0%,6.38
corporate document translation,0,8,0%,6.88
professional proofreading services,0,8,0%,12.88
transarabia certified translation,0,8,0%,23.5
multilingual translators dubai,0,8,0%,27.75
ترجمة شهادات الميلاد,0,8,0%,28.38
medical translation services in dubai,0,8,0%,39.5
court translation,0,8,0%,63.38
خدمة الترجمة,0,8,0%,76.5
accredited translation services,0,8,0%,78.88
russian translation dubai,0,8,0%,80.62
urgent arabic translation,0,8,0%,80.75
translation company dubai,0,8,0%,84.88
الترجمة القانونية,0,8,0%,95
translator services,0,8,0%,97.88
high school transcript translation,0,7,0%,4.86
proof reading,0,7,0%,7.29
transcript translation,0,7,0%,7.86
multilingual translators uae,0,7,0%,50.57
mofa attestation online,0,7,0%,63.43
mofa attestation services uae,0,7,0%,80.57
arabic to english translation services dubai,0,7,0%,81.71
certified translation,0,7,0%,82.43
dubai translation services,0,7,0%,82.57
government document translation services,0,7,0%,90.29
uk apostille,0,7,0%,95.86
online legal translation,0,6,0%,4.5
document translation services uae,0,6,0%,23.67
legal translation in satwa,0,6,0%,27.33
dubai court judgements translation,0,6,0%,28.83
uae matrimony sites,0,6,0%,39.33
certified translation services online,0,6,0%,40.17
legal translation dubai price,0,6,0%,45.33
arabic medical translation,0,6,0%,47.5
certified translator dubai,0,6,0%,54.5
arabic to english translation in dubai,0,6,0%,71.83
translation company in dubai,0,6,0%,78.5
certified legal translation services,0,6,0%,83.83
translation companies in uae,0,6,0%,85.67
certified translation abu dhabi,0,6,0%,87.17
medical reports translation,0,5,0%,4.6
sands certified translation,0,5,0%,5.8
divorce certificate translation dubai,0,5,0%,7.8
is uae member of hague apostille convention 2025,0,5,0%,11.2
multimedia translation service,0,5,0%,16.2
medical document translation,0,5,0%,18
multimedia localization services,0,5,0%,19.8
persian legal translation,0,5,0%,36.4
arabic localization dubai,0,5,0%,38.8
مكتب ترجمة قانونية في ابوظبي,0,5,0%,39.8
journalistic translation dubai,0,5,0%,46
translation agency dubai,0,5,0%,53.8
russian translation services dubai,0,5,0%,58.8
uk visa arabic translation,0,5,0%,59
"""certified translation""",0,5,0%,61.4
uae certificate attestation in india,0,5,0%,69.2
financial document translation services,0,5,0%,73
multimedia dubai,0,5,0%,77.4
notary translation services,0,5,0%,81.4
abu dhabi legal translation,0,5,0%,89.4
legal translation company,0,5,0%,92.2
online language translation services,0,4,0%,3
translate,0,4,0%,4.25
e-commerce document translations,0,4,0%,6.25
is uae member of hague apostille convention 2024,0,4,0%,7.5
corporate translation services,0,4,0%,8.25
uae hague apostille convention status 2025,0,4,0%,8.25
entertainment translation services,0,4,0%,10.25
english to arabic legal translation uae,0,4,0%,16
police clearance certificate translation,0,4,0%,16.75
uae joined hague apostille convention 2023 effective date,0,4,0%,26.5
professional medical translation services,0,4,0%,27
death certificate translation dubai,0,4,0%,29
multilingual translators in dubai,0,4,0%,29
trans arabia certified translation,0,4,0%,31.25
مترجم قانوني ابوظبي,0,4,0%,31.75
ترجمة شهادة,0,4,0%,36
mofa attestation sharjah,0,4,0%,44.75
business document translation uae,0,4,0%,49.25
arabian bridge for certified translation,0,4,0%,50.5
marriage certificate arabic translation,0,4,0%,54
marriage certificate translation dubai,0,4,0%,54.25
الترجمة الطبية,0,4,0%,56.5
court document translation sharjah,0,4,0%,57.5
مكتب ترجمة وتوثيق دبي,0,4,0%,57.5
abu dhabi translation,0,4,0%,63.25
contract translation services sharjah,0,4,0%,65.5
ترجمه معتمده,0,4,0%,66
ترجمة عقود قانونية,0,4,0%,68
uae embassy legalization,0,4,0%,69.5
authorised translator,0,4,0%,81.5
translation companies in dubai,0,4,0%,82.25
certified legal translators,0,4,0%,83
dubai translation agency,0,4,0%,85.25
professional translator,0,4,0%,89.25
price of legal translation in abu dhabi,0,4,0%,90.75
certified translation services dubai,0,4,0%,91
translate service,0,4,0%,92.25
apostille services,0,4,0%,106.25
dubai hague convention,0,3,0%,1
moa online services,0,3,0%,5.67
uae apostille convention 2023 embassy attestation still required,0,3,0%,8.67
medical translation online,0,3,0%,9.67
official transcript translation,0,3,0%,9.67
ترجمة certificate,0,3,0%,11.67
medical report translation,0,3,0%,34.67
translation services online,0,3,0%,35
medical report translation services,0,3,0%,50
medical translation company,0,3,0%,50.33
diploma translation services near me,0,3,0%,58.67
medical translation from english to arabic,0,3,0%,60
translate dubai,0,3,0%,62
ترجمة عقود,0,3,0%,64.33
ترجمة شهادة ميلاد للانجليزية,0,3,0%,65
website translation service,0,3,0%,65.67
traduction juridique cryptée,0,3,0%,68.67
translation services abu dhabi,0,3,0%,69
certificate translation,0,3,0%,70.33
certified legal translator dubai,0,3,0%,70.33
mea india attestation,0,3,0%,72
document translation services in dubai,0,3,0%,72.67
legal translation dubai online,0,3,0%,73
translation office,0,3,0%,74.67
ترجمة اوراق رسمية,0,3,0%,78
uae document attestation uk,0,3,0%,80.67
legal documents translation,0,3,0%,81.33
translation agencies in dubai,0,3,0%,81.33
legal translator,0,3,0%,82.33
orient legal translation,0,3,0%,83
document translation dubai,0,3,0%,83.33
certified legal translator,0,3,0%,84.67
legal translation services near me,0,3,0%,84.67
legal translation in uae,0,3,0%,86.67
legal translation in sharjah,0,3,0%,90.33
translation center near me,0,3,0%,90.33
approved translation services,0,3,0%,95.33
translation abu dhabi,0,3,0%,95.33
uk document attestation for uae,0,3,0%,95.33
مترجم قانوني في دبي,0,3,0%,97
مكتب ترجمه,0,3,0%,97.33
الترجمة المالية,0,3,0%,98
"""onlinetranslation.ae""",0,2,0%,1
is dubai a hague convention country,0,2,0%,1
is uae part of hague apostille convention,0,2,0%,1
uae hague apostille convention accession 2023,0,2,0%,2
uae joined hague apostille convention 2023,0,2,0%,2
transl;ae,0,2,0%,5.5
real estate translation services,0,2,0%,6
medical interpretation dubai,0,2,0%,6.5
online transalation,0,2,0%,7
english proofreading services,0,2,0%,9
corporate translate,0,2,0%,9.5
translate corporate,0,2,0%,9.5
certificate ترجمة,0,2,0%,10.5
certified english translators for schengen,0,2,0%,10.5
proofreading and editing services in dubai,0,2,0%,10.5
mofa meaning uae,0,2,0%,11
proofreading,0,2,0%,11
media translation services,0,2,0%,13.5
attestation and translation,0,2,0%,17
ae translation,0,2,0%,18
app localization services,0,2,0%,21.5
medical translation agency,0,2,0%,23
ترجمة قانونية في الامارات,0,2,0%,24
ترجمة عقود الشركات,0,2,0%,25
arabic localization uae,0,2,0%,27.5
academic transcript translation services,0,2,0%,33.5
business document translation,0,2,0%,36
uae joins hague apostille convention 2023,0,2,0%,39
مكتب ترجمة قانونية أبوظبي,0,2,0%,39.5
register spa dld uae,0,2,0%,40
sworn translator dubai,0,2,0%,40
ترجمة قانونية أبوظبي,0,2,0%,40.5
academic transcript,0,2,0%,41.5
indian embassy abu dhabi document attestation,0,2,0%,44.5
death certificate translation services,0,2,0%,48
front line legal translation,0,2,0%,53
international document courier uae,0,2,0%,56
translation in uae,0,2,0%,59
translation charges in dubai,0,2,0%,59.5
translation uae,0,2,0%,59.5
translation center,0,2,0%,62
certificate attestation in uae,0,2,0%,64
arabic english translation dubai,0,2,0%,65.5
translation center dubai,0,2,0%,66.5
certificate attestation services dubai,0,2,0%,67.5
haq al laila meaning,0,2,0%,68.5
uk degree attestation for uae,0,2,0%,71.5
translation,0,2,0%,73.5
abu dhabi translate,0,2,0%,74.5
mofa attestation in al ain,0,2,0%,75
attesting documents for uae in uk,0,2,0%,76
legal translation services in dubai,0,2,0%,76
translation document services,0,2,0%,76.5
certified translation services abu dhabi,0,2,0%,79.5
apostille hague,0,2,0%,80.5
attesting uk documents for uae,0,2,0%,83.5
translation centre near me,0,2,0%,84
ترجمة التقارير الطبية,0,2,0%,84.5
document delivery service,0,2,0%,85
ترجمة معتمدة اون لاين,0,2,0%,85
certified translator in dubai,0,2,0%,85.5
translation office dubai,0,2,0%,87
translation agency,0,2,0%,87.5
translators in dubai,0,2,0%,89
geocoding service uae,0,2,0%,89.5
multilingual translation services dubai,0,2,0%,90
translation service legal,0,2,0%,90
translator near me,0,2,0%,90
translation offices near me,0,2,0%,91
mofa attestation dubai same day,0,2,0%,92
professional legal translation,0,2,0%,93.5
mofa attestation dubai express,0,2,0%,94.5
translation in abu dhabi,0,2,0%,95
certificate attestation in india for uae,0,2,0%,97
translation near me,0,2,0%,98.5
is dubai part of hague convention,0,1,0%,1
is dubai part of the hague convention,0,1,0%,1
legal translation dubai near me,0,1,0%,1
medical legal translation,0,1,0%,1
medical translater,0,1,0%,1
medical translatir,0,1,0%,1
online services,0,1,0%,1
premier translation services,0,1,0%,1
proofreaders near me,0,1,0%,1
russian birth certificate translation,0,1,0%,1
systematic review editing and proofreading services,0,1,0%,1
transcripts,0,1,0%,1
translation of degree certificate,0,1,0%,1
translation of diploma certificates,0,1,0%,1
transscripts,0,1,0%,1
use qr code,0,1,0%,1
approved translator,0,1,0%,2
education certificate translation,0,1,0%,2
transcript certificate meaning in malayalam,0,1,0%,2
translate english to turkish,0,1,0%,2
uae apostille convention 2023,0,1,0%,2
moj translation,0,1,0%,3
translate it into urdu,0,1,0%,3
translationinabudhabi.com,0,1,0%,3
academic certificate meaning in hindi,0,1,0%,4
ebook proofreading service,0,1,0%,4
law translation,0,1,0%,4
no criminal record meaning,0,1,0%,4
proof reading service,0,1,0%,4
uae apostille convention 2023 italy documents,0,1,0%,4
uae apostille convention effective date 2023,0,1,0%,4
online birth certificate translation,0,1,0%,5
english to arabic translation services in dubai,0,1,0%,6
pharmacy translation service,0,1,0%,6
uk attestation services in dubai,0,1,0%,6
birth certificate attestation for uae residence visa,0,1,0%,7
diploma transcript translation services,0,1,0%,7
marriage certificate attestation charges in uae,0,1,0%,7
police verification certificate dubai,0,1,0%,7
ready مترجم,0,1,0%,7
translate ae,0,1,0%,7
certificate of good conduct dubai,0,1,0%,8
criminal record certificate dubai,0,1,0%,8
degree certificate attestation in sharjah,0,1,0%,8
dubai good conduct certificate,0,1,0%,8
attesting marriage certificate in dubai,0,1,0%,9
conduct certificate meaning,0,1,0%,9
criminal record check dubai,0,1,0%,9
jumeirah translation,0,1,0%,9
proofreaders,0,1,0%,9
trans;ae,0,1,0%,9
translated transcripts,0,1,0%,9
uae marriage certificate attestation cost,0,1,0%,9
ترجمه رسمی,0,1,0%,9
dubai criminal record check,0,1,0%,10
dubai police clearance certificate processing time,0,1,0%,10
good conduct certificate dubai,0,1,0%,10
legal translation services in uae,0,1,0%,10
marina translate,0,1,0%,10
ministry of foreign affairs translation service,0,1,0%,10
police clearance certificate ras al khaimah,0,1,0%,10
proofing معنى,0,1,0%,10
technical ترجمة,0,1,0%,10
academic editing and proofreading services,0,1,0%,11
attested marriage certificate uae,0,1,0%,11
hcch apostille convention united arab emirates status,0,1,0%,11
how much police clearance in dubai,0,1,0%,11
how to apply for police clearance certificate in dubai online,0,1,0%,11
how to apply police clearance in dubai,0,1,0%,11
khaled al adl,0,1,0%,11
police clearance certificate dubai cost,0,1,0%,11
police clearance certificate dubai price,0,1,0%,11
russian birth certificate translation services,0,1,0%,11
translation agencies dubai,0,1,0%,11
united arab emirates apostille convention accession,0,1,0%,11
ترجمه certificate,0,1,0%,11
دول ابوستيل,0,1,0%,11
ai content localization,0,1,0%,12
certificate ترجمه,0,1,0%,12
does uae accept apostille,0,1,0%,12
dubai police clearance certificate validity,0,1,0%,12
editing and proofreading service,0,1,0%,12
expedited service meaning,0,1,0%,12
how to apply police clearance certificate in dubai,0,1,0%,12
how to get police clearance certificate uae,0,1,0%,12
online marriage uae,0,1,0%,12
police verification certificate uae,0,1,0%,12
salary certificate attestation indian embassy,0,1,0%,12
translate medical,0,1,0%,12
academic proofreading service,0,1,0%,13
dubai salary certificate,0,1,0%,13
editing & proofreading services,0,1,0%,13
editing proofreading services,0,1,0%,13
proofreading agency,0,1,0%,13
marriage in dubai,0,1,0%,14
dubai police clearance certificate download,0,1,0%,15
dubai police clearance certificate fees,0,1,0%,15
spouse visa cost in dubai,0,1,0%,15
website localization services,0,1,0%,15
dubai clearance certificate,0,1,0%,16
married in dubai,0,1,0%,16
دائرة الهجرة واللاجئين والمواطنة الكندية,0,1,0%,16
how to get police clearance certificate dubai,0,1,0%,18
software localization services,0,1,0%,18
birth certificate attestation cost in uae,0,1,0%,19
how to get dubai police clearance,0,1,0%,19
salary certificate in uae,0,1,0%,19
translation and localization,0,1,0%,19
mofa stamp dubai,0,1,0%,20
website translation dubai,0,1,0%,20
how to get police clearance certificate in dubai,0,1,0%,21
localization translation services,0,1,0%,21
dubai police good conduct certificate,0,1,0%,23
mofa attestation ajman,0,1,0%,23
clearance certificate dubai police,0,1,0%,24
how long does dubai police clearance take,0,1,0%,24
al rolla legal translation,0,1,0%,25
how long does police clearance take in dubai,0,1,0%,25
how to get a police clearance in dubai,0,1,0%,25
website content translation dubai,0,1,0%,25
dubai police clearance,0,1,0%,26
dubai police verification,0,1,0%,26
police clearance dubai,0,1,0%,26
police clearance in dubai,0,1,0%,26
register spa dld online,0,1,0%,26
attestation of marriage certificate,0,1,0%,27
how to download police clearance certificate,0,1,0%,27
medical translation uae,0,1,0%,27
marriage certificate uae attestation,0,1,0%,29
clearance certificate dubai,0,1,0%,30
due date مترجم,0,1,0%,30
multilingual support dubai,0,1,0%,30
where to get police clearance in dubai,0,1,0%,30
english translation dubai,0,1,0%,32
localisation services,0,1,0%,33
uae embassy attestation in dubai,0,1,0%,33
legal translation cost dubai,0,1,0%,35
mofa attestation stamp,0,1,0%,35
website translation uae,0,1,0%,35
police clearance certificate dubai fees,0,1,0%,36
translating office,0,1,0%,37
how to get police clearance in uae,0,1,0%,39
police clearance certificate fees,0,1,0%,40
apostille for uk documents,0,1,0%,43
mofa attestation dubai urgent,0,1,0%,45
ترجمة معتمدة,0,1,0%,45
مكتب ترجمة معتمد في الشارقة,0,1,0%,47
legal translation office,0,1,0%,50
arabic to english translation agency,0,1,0%,51
documents with apostille,0,1,0%,52
software localization,0,1,0%,55
document attestation dubai,0,1,0%,56
ministry of foreign affairs attestation dubai,0,1,0%,57
apostille uae,0,1,0%,58
certified legal translation company,0,1,0%,59
translation agency in dubai,0,1,0%,59
uae embassy attestation in pakistan,0,1,0%,60
document translation services dubai,0,1,0%,63
translators services,0,1,0%,64
secure document delivery uae,0,1,0%,68
translation in jlt,0,1,0%,68
uae apostille,0,1,0%,69
uae mofa attestation verification,0,1,0%,70
document translation office near me,0,1,0%,74
legalised translation,0,1,0%,74
مكاتب ترجمة,0,1,0%,74
business translation services,0,1,0%,75
certified legal translation dubai legal translation dubai,0,1,0%,75
dubai translate,0,1,0%,75
marriage certificate arabic translation near me,0,1,0%,75
arabic to english translation dubai,0,1,0%,77
united arab emirates apostille convention member,0,1,0%,77
localization translation,0,1,0%,79
translation company,0,1,0%,79
translation services uae,0,1,0%,81
what is mofa attestation in uae,0,1,0%,81
translating company,0,1,0%,82
translation services in uae,0,1,0%,82
مكتب ترجمة,0,1,0%,83
online translation english to arabic,0,1,0%,84
uk certificate attestation in uae,0,1,0%,84
mofa attestation in india,0,1,0%,85
translation services in abu dhabi,0,1,0%,85
translate documents to english,0,1,0%,86
ترجمة من الإنكليزية إلى العربية دبي,0,1,0%,87
legal translation of marriage certificate in dubai,0,1,0%,88
translate law,0,1,0%,89
app localization agency dubai,0,1,0%,90
mofa attestation,0,1,0%,90
onlinetranslation,0,1,0%,91
package deal dubai,0,1,0%,91
multilingual translation agency dubai,0,1,0%,92
translation services sharjah,0,1,0%,92
court-accepted legal translation services,0,1,0%,93
translators,0,1,0%,93
arabic translation for visa application,0,1,0%,94
uae attestation fees in india,0,1,0%,94
certificate attestation for uae in india,0,1,0%,95
interpreter company dubai,0,1,0%,95
ministry of foreign affairs dubai attestation location,0,1,0%,95
translations services near me,0,1,0%,95
uae embassy in india attestation,0,1,0%,95
uae mofa attestation in india,0,1,0%,95
language translation service,0,1,0%,96
translation office in dubai,0,1,0%,96
tourist translation dubai,0,1,0%,97
translation services near me,0,1,0%,97
is apostille accepted in uae,0,1,0%,98
pcc mofa attestation dubai,0,1,0%,98
same-day mofa attestation dubai,0,1,0%,98
translation agency abu dhabi,0,1,0%,98
مترجم قانوني في أبوظبي,0,1,0%,98
arabic to english translation services,0,1,0%,99
arabic translation services,0,1,0%,99
interpretation services in dubai,0,1,0%,99
interpreter in dubai,0,1,0%,99
legal translation in abu dhabi,0,1,0%,99
legal translator near me,0,1,0%,99
mofaic attestation abu dhabi,0,1,0%,99
urgent mofa attestation,0,1,0%,99
legal translation services in sharjah,0,1,0%,100
local translation services,0,1,0%,100
legal translation al barsha,0,1,0%,102
indian attestation,0,1,0%,108