URL,Last crawled
https://onlinetranslation.ae/urgent-translation-dubai/,2026-01-03
https://onlinetranslation.ae/translation_agency_dubai/translation-services/media-translation/,2026-01-03
https://onlinetranslation.ae/translation_agency_dubai/translation-services/legal-translation/urgent-translation-services/,2026-01-03
https://onlinetranslation.ae/language-related-services/certificate-translation/,2026-01-03
https://onlinetranslation.ae/locations/dubai-marina/,2026-01-03
https://onlinetranslation.ae/the-critical-role-of-translation-services-in-navigating-geopolitical-uncertainty-how-ot-ae-bridges-global-divides/,2026-01-03
https://onlinetranslation.ae/services/driving-license-translation/,2026-01-03
https://onlinetranslation.ae/blog/category/golden-visa/,2026-01-03
https://onlinetranslation.ae/translation_agency_dubai/translation-services/certificate-translation-dxb/dubai-marriage-certificate-translation-certified-translations-for-visa-and-legal-use-outside-the-uae/,2026-01-03
https://onlinetranslation.ae/blog/tag/Embassy Legalization/,2026-01-03
https://onlinetranslation.ae/blog/tag/Document Translation/,2026-01-03
https://onlinetranslation.ae/specialized/technical-translation/,2026-01-03
https://onlinetranslation.ae/certified-translation-services-in-dubai-fast-affordable-legal-translation/,2026-01-03
https://onlinetranslation.ae/blog/tag/MOHESR/,2026-01-03
https://onlinetranslation.ae/blog/tag/Golden Visa/,2026-01-03
https://onlinetranslation.ae/blog/category/news/,2026-01-03
https://onlinetranslation.ae/specialized/medical-translation/,2026-01-03
https://onlinetranslation.ae/blog/category/corporate/,2026-01-03
https://onlinetranslation.ae/blog/category/how-to-guides/,2026-01-03
https://onlinetranslation.ae/blog/category/personal-documents/,2026-01-03
https://onlinetranslation.ae/blog/tag/Attestation/,2026-01-03
https://onlinetranslation.ae/services/document-translation/,2026-01-03
https://onlinetranslation.ae/blog/category/legal-translation/,2026-01-03
https://onlinetranslation.ae/blog/category/attestation/,2026-01-03
https://onlinetranslation.ae/industries/banking-finance/,2026-01-02
https://onlinetranslation.ae/blog/tag/Immigration/,2026-01-02
https://onlinetranslation.ae/translation_agency_dubai/translation-services/,2026-01-02
https://onlinetranslation.ae/translation_agency_dubai/translation-services/legal-translation/financial-translation-services/,2026-01-02
https://onlinetranslation.ae/modern-translation-techniques-and-tools-in-dubai/,2026-01-02
https://onlinetranslation.ae/translation_agency_dubai/translation-services/legal-translation/marketing-translation-and-localization/,2026-01-02
https://onlinetranslation.ae/faq-what-counts-as-an-urgent-translation-in-dubai/,2026-01-02
https://onlinetranslation.ae/translation_agency_dubai/translation-services/certificate-translation-dxb/russian-to-arabic-translation-for-birth-certificates-visa-embassy-official/,2026-01-02
https://onlinetranslation.ae/which-translation-techniques-and-tools-in-dubai/,2026-01-02
https://onlinetranslation.ae/about-2/cookie-policy-br/,2026-01-02
https://onlinetranslation.ae/onehourx-solutions-uae-translation/onehourx-certified-medical-translation-services-in-dubai-and-the-uae/,2026-01-02
https://onlinetranslation.ae/translation_agency_dubai/translation-services/legal-translation/family-documents-translation/,2026-01-02
https://onlinetranslation.ae/translation_agency_dubai/translation-services/languages/,2026-01-02
https://onlinetranslation.ae/certificate-translationlog-post/,2026-01-02
https://onlinetranslation.ae/translation_agency_dubai/translation-services/certificate-translation-dxb/criminal-record-certificate-translation-dubai/,2026-01-02
https://onlinetranslation.ae/translation_agency_dubai/blog/,2026-01-02
https://onlinetranslation.ae/translation_agency_dubai/translation-services/certificate-translation-dxb/uk-birth-certificate-legal-translation-for-uae-visa-purposes/,2026-01-02
https://onlinetranslation.ae/ترجمة-تقارير-طبية/,2026-01-02
https://onlinetranslation.ae/about-2/,2026-01-02
https://onlinetranslation.ae/en/,2026-01-01
https://onlinetranslation.ae/police-clearance-translation-uae/,2026-01-01
https://onlinetranslation.ae/degree-certificate-translation-dubai/,2026-01-01
https://onlinetranslation.ae/notarized-translation-dubai/,2026-01-01
https://onlinetranslation.ae/Certified,2026-01-01
https://onlinetranslation.ae/sitemap_index.xml,2026-01-01
https://onlinetranslation.ae/blog/tag/MOFA/,2025-12-31
https://onlinetranslation.ae/blog/tag/PCC/,2025-12-31
https://onlinetranslation.ae/blog/tag/Document Authentication/,2025-12-31
https://onlinetranslation.ae/blog/golden-visa-document-requirements-2024/,2025-12-31
https://onlinetranslation.ae/translation_agency_dubai/,2025-12-31
https://onlinetranslation.ae/branding/page/2/?et_blog,2025-12-29
https://onlinetranslation.ae/blog/mofa-attestation-process-complete-guide/,2025-12-27
https://onlinetranslation.ae/translation_agency_dubai/translation-services/certificate-translation-dxb/uk-birth-certificate-legal-translation-for-uae-visa-purposes,2025-12-26
https://onlinetranslation.ae/marketing/page/2/?et_blog,2025-12-22
https://onlinetranslation.ae/about-2/umm-al-sheif/medical-document-translation-services-for-jumeirah-street/,2025-12-20
https://onlinetranslation.ae/delivery-options/,2025-12-20
https://onlinetranslation.ae/translation_agency_dubai/translation-services/certificate-translation-dxb/dubai-marriage-certificate-translation-certified-translations/,2025-12-20
https://onlinetranslation.ae/103709-2/,2025-12-20
https://onlinetranslation.ae/translation_agency_dubai/translation-services/certificate-translation-dxb/swedish-arabic-official-translation/,2025-12-20
https://onlinetranslation.ae/industries/pharmaceutical/,2025-12-18
https://onlinetranslation.ae/industries/finance/,2025-12-18
https://onlinetranslation.ae/services/golden-visa/,2025-12-17
https://onlinetranslation.ae/modern-translation-techniques-and-tools-dubai-edition/,2025-12-17
https://onlinetranslation.ae/locations/dubai/bur-dubai/,2025-12-17
https://onlinetranslation.ae/locations/dubai/deira/,2025-12-17
https://onlinetranslation.ae/specialized/,2025-12-17
https://onlinetranslation.ae/locations/ajman/,2025-12-17
https://onlinetranslation.ae/author/transziooo24/,2025-12-16
https://onlinetranslation.ae/translation_agency_dubai/translation-services/certificate-translation-dxb/dubai-educational-certificate-translation/,2025-12-16
https://onlinetranslation.ae/search?q=%7Bsearch_term_string%7D,2025-12-16
https://onlinetranslation.ae/to-arabic-translation-whatsapp-screenshots-english/,2025-12-15
https://onlinetranslation.ae/umm-al-sheif/,2025-12-15
https://onlinetranslation.ae/legal-translation-for-expats-dubai-uae/feed/,2025-12-14
https://onlinetranslation.ae/layout_category/blurbs/,2025-12-13